Email	Name
Aaliyah@smu.edu.sg	Aaliyah
Abagail@smu.edu.sg	Abagail
Abbey@smu.edu.sg	Abbey
Abbie@smu.edu.sg	Abbie
Abbigail@smu.edu.sg	Abbigail
Abby@smu.edu.sg	Abby
Abigail@smu.edu.sg	Abigail
Abigale@smu.edu.sg	Abigale
Abigayle@smu.edu.sg	Abigayle
Abril@smu.edu.sg	Abril
Addison@smu.edu.sg	Addison
Adeline@smu.edu.sg	Adeline
Adriana@smu.edu.sg	Adriana
Adrianna@smu.edu.sg	Adrianna
Adrienne@smu.edu.sg	Adrienne
Aileen@smu.edu.sg	Aileen
Aimee@smu.edu.sg	Aimee
Ainsley@smu.edu.sg	Ainsley
Aisha@smu.edu.sg	Aisha
Aiyana@smu.edu.sg	Aiyana
Aja@smu.edu.sg	Aja
Akira@smu.edu.sg	Akira
Alaina@smu.edu.sg	Alaina
Alana@smu.edu.sg	Alana
Alanis@smu.edu.sg	Alanis
Alanna@smu.edu.sg	Alanna
Alayna@smu.edu.sg	Alayna
Aleah@smu.edu.sg	Aleah
Alejandra@smu.edu.sg	Alejandra
Alena@smu.edu.sg	Alena
Alessandra@smu.edu.sg	Alessandra
Alex@smu.edu.sg	Alex
Alexa@smu.edu.sg	Alexa
Alexandra@smu.edu.sg	Alexandra
Alexandrea@smu.edu.sg	Alexandrea
Alexandria@smu.edu.sg	Alexandria
Alexia@smu.edu.sg	Alexia
Alexis@smu.edu.sg	Alexis
Alexus@smu.edu.sg	Alexus
Alexys@smu.edu.sg	Alexys
Alia@smu.edu.sg	Alia
Alice@smu.edu.sg	Alice
Alicia@smu.edu.sg	Alicia
Alina@smu.edu.sg	Alina
Alisa@smu.edu.sg	Alisa
Alisha@smu.edu.sg	Alisha
Alison@smu.edu.sg	Alison
Alissa@smu.edu.sg	Alissa
Alivia@smu.edu.sg	Alivia
Aliya@smu.edu.sg	Aliya
Aliyah@smu.edu.sg	Aliyah
Aliza@smu.edu.sg	Aliza
Alize@smu.edu.sg	Alize
Allie@smu.edu.sg	Allie
Allison@smu.edu.sg	Allison
Ally@smu.edu.sg	Ally
Allyson@smu.edu.sg	Allyson
Allyssa@smu.edu.sg	Allyssa
Alma@smu.edu.sg	Alma
Alondra@smu.edu.sg	Alondra
Alycia@smu.edu.sg	Alycia
Alysa@smu.edu.sg	Alysa
Alysha@smu.edu.sg	Alysha
Alyson@smu.edu.sg	Alyson
Alyssa@smu.edu.sg	Alyssa
Amanda@smu.edu.sg	Amanda
Amani@smu.edu.sg	Amani
Amara@smu.edu.sg	Amara
Amari@smu.edu.sg	Amari
Amaya@smu.edu.sg	Amaya
Amber@smu.edu.sg	Amber
Amelia@smu.edu.sg	Amelia
America@smu.edu.sg	America
Amina@smu.edu.sg	Amina
Amira@smu.edu.sg	Amira
Amy@smu.edu.sg	Amy
Amya@smu.edu.sg	Amya
Ana@smu.edu.sg	Ana
Anabel@smu.edu.sg	Anabel
Anahi@smu.edu.sg	Anahi
Anais@smu.edu.sg	Anais
Anastasia@smu.edu.sg	Anastasia
Anaya@smu.edu.sg	Anaya
Andrea@smu.edu.sg	Andrea
Angel@smu.edu.sg	Angel
Angela@smu.edu.sg	Angela
Angelica@smu.edu.sg	Angelica
Angelina@smu.edu.sg	Angelina
Angeline@smu.edu.sg	Angeline
Angelique@smu.edu.sg	Angelique
Angie@smu.edu.sg	Angie
Anika@smu.edu.sg	Anika
Anissa@smu.edu.sg	Anissa
Anita@smu.edu.sg	Anita
Aniya@smu.edu.sg	Aniya
Aniyah@smu.edu.sg	Aniyah
Anjali@smu.edu.sg	Anjali
Ann@smu.edu.sg	Ann
Anna@smu.edu.sg	Anna
Annabel@smu.edu.sg	Annabel
Annabella@smu.edu.sg	Annabella
Annabelle@smu.edu.sg	Annabelle
Annalise@smu.edu.sg	Annalise
Anne@smu.edu.sg	Anne
Annette@smu.edu.sg	Annette
Annie@smu.edu.sg	Annie
Annika@smu.edu.sg	Annika
Ansley@smu.edu.sg	Ansley
Antonia@smu.edu.sg	Antonia
Anya@smu.edu.sg	Anya
April@smu.edu.sg	April
Denise@smu.edu.sg	Denise
Denisse@smu.edu.sg	Denisse
Desirae@smu.edu.sg	Desirae
Desiree@smu.edu.sg	Desiree
Destinee@smu.edu.sg	Destinee
Destiney@smu.edu.sg	Destiney
Destini@smu.edu.sg	Destini
Destiny@smu.edu.sg	Destiny
Devin@smu.edu.sg	Devin
Devon@smu.edu.sg	Devon
Devyn@smu.edu.sg	Devyn
Diamond@smu.edu.sg	Diamond
Diana@smu.edu.sg	Diana
Diane@smu.edu.sg	Diane
Dianna@smu.edu.sg	Dianna
Dominique@smu.edu.sg	Dominique
Donna@smu.edu.sg	Donna
Dorothy@smu.edu.sg	Dorothy
Dulce@smu.edu.sg	Dulce
Dylan@smu.edu.sg	Dylan
Ebony@smu.edu.sg	Ebony
Eden@smu.edu.sg	Eden
Edith@smu.edu.sg	Edith
Eileen@smu.edu.sg	Eileen
Elaina@smu.edu.sg	Elaina
Elaine@smu.edu.sg	Elaine
Eleanor@smu.edu.sg	Eleanor
Elena@smu.edu.sg	Elena
Eliana@smu.edu.sg	Eliana
Elisa@smu.edu.sg	Elisa
Elisabeth@smu.edu.sg	Elisabeth
Elise@smu.edu.sg	Elise
Elissa@smu.edu.sg	Elissa
Eliza@smu.edu.sg	Eliza
Joana@smu.edu.sg	Joana
Joanna@smu.edu.sg	Joanna
Jocelyn@smu.edu.sg	Jocelyn
Joelle@smu.edu.sg	Joelle
Johana@smu.edu.sg	Johana
Johanna@smu.edu.sg	Johanna
Jolie@smu.edu.sg	Jolie
Jordan@smu.edu.sg	Jordan
Jordyn@smu.edu.sg	Jordyn
Joselyn@smu.edu.sg	Joselyn
Josephine@smu.edu.sg	Josephine
Josie@smu.edu.sg	Josie
Joslyn@smu.edu.sg	Joslyn
Journey@smu.edu.sg	Journey
Joy@smu.edu.sg	Joy
Joyce@smu.edu.sg	Joyce
Judith@smu.edu.sg	Judith
Julia@smu.edu.sg	Julia
Juliana@smu.edu.sg	Juliana
Julianna@smu.edu.sg	Julianna
Julianne@smu.edu.sg	Julianne
Julie@smu.edu.sg	Julie
Juliet@smu.edu.sg	Juliet
Juliette@smu.edu.sg	Juliette
Julissa@smu.edu.sg	Julissa
Justine@smu.edu.sg	Justine
Kacie@smu.edu.sg	Kacie
Kaela@smu.edu.sg	Kaela
Kaelyn@smu.edu.sg	Kaelyn
Kaia@smu.edu.sg	Kaia
Kaila@smu.edu.sg	Kaila
Jay@smu.edu.sg	Jay
Jayce@smu.edu.sg	Jayce
Jayden@smu.edu.sg	Jayden
Jaydon@smu.edu.sg	Jaydon
Jaylan@smu.edu.sg	Jaylan
Jaylen@smu.edu.sg	Jaylen
Jaylin@smu.edu.sg	Jaylin
Jaylon@smu.edu.sg	Jaylon
Jayson@smu.edu.sg	Jayson
Jean@smu.edu.sg	Jean
Jeff@smu.edu.sg	Jeff
Jefferson@smu.edu.sg	Jefferson
Jeffery@smu.edu.sg	Jeffery
Jeffrey@smu.edu.sg	Jeffrey
Jeremiah@smu.edu.sg	Jeremiah
Jeremy@smu.edu.sg	Jeremy
Jermaine@smu.edu.sg	Jermaine
Jerome@smu.edu.sg	Jerome
Jerry@smu.edu.sg	Jerry
Jesse@smu.edu.sg	Jesse
Jessie@smu.edu.sg	Jessie
Jesus@smu.edu.sg	Jesus
Jett@smu.edu.sg	Jett
Jevon@smu.edu.sg	Jevon
Jimmy@smu.edu.sg	Jimmy
Joan@smu.edu.sg	Joan
Joaquin@smu.edu.sg	Joaquin
Joe@smu.edu.sg	Joe
Joel@smu.edu.sg	Joel
Joey@smu.edu.sg	Joey
Johan@smu.edu.sg	Johan
John@smu.edu.sg	John
Johnathan@smu.edu.sg	Johnathan
Johnathon@smu.edu.sg	Johnathon
Johnny@smu.edu.sg	Johnny
Jon@smu.edu.sg	Jon
Jonah@smu.edu.sg	Jonah
Jonas@smu.edu.sg	Jonas
Jonatan@smu.edu.sg	Jonatan
Jonathan@smu.edu.sg	Jonathan
Jonathon@smu.edu.sg	Jonathon
Jorden@smu.edu.sg	Jorden
Jordon@smu.edu.sg	Jordon
Jordy@smu.edu.sg	Jordy
Jorge@smu.edu.sg	Jorge
Jose@smu.edu.sg	Jose
Josef@smu.edu.sg	Josef
Joseph@smu.edu.sg	Joseph
Josh@smu.edu.sg	Josh
Joshua@smu.edu.sg	Joshua
Josiah@smu.edu.sg	Josiah
Josue@smu.edu.sg	Josue
Jovan@smu.edu.sg	Jovan
Jovani@smu.edu.sg	Jovani
Jovany@smu.edu.sg	Jovany
Juan@smu.edu.sg	Juan
Judah@smu.edu.sg	Judah
Jude@smu.edu.sg	Jude
Julian@smu.edu.sg	Julian
Julien@smu.edu.sg	Julien
Julio@smu.edu.sg	Julio
Julius@smu.edu.sg	Julius
Junior@smu.edu.sg	Junior
Justice@smu.edu.sg	Justice
Justin@smu.edu.sg	Justin
Justus@smu.edu.sg	Justus
Justyn@smu.edu.sg	Justyn
Kade@smu.edu.sg	Kade
Kaden@smu.edu.sg	Kaden
Kadin@smu.edu.sg	Kadin
Kai@smu.edu.sg	Kai
Kaiden@smu.edu.sg	Kaiden
Kale@smu.edu.sg	Kale
Kaleb@smu.edu.sg	Kaleb
Kameron@smu.edu.sg	Kameron
Kamron@smu.edu.sg	Kamron
Kane@smu.edu.sg	Kane
Kareem@smu.edu.sg	Kareem
Karl@smu.edu.sg	Karl
Karson@smu.edu.sg	Karson
Harry@smu.edu.sg	Harry
Hassan@smu.edu.sg	Hassan
Hayden@smu.edu.sg	Hayden
Heath@smu.edu.sg	Heath
Hector@smu.edu.sg	Hector
Henry@smu.edu.sg	Henry
Herbert@smu.edu.sg	Herbert
Heriberto@smu.edu.sg	Heriberto
Holden@smu.edu.sg	Holden
Houston@smu.edu.sg	Houston
Howard@smu.edu.sg	Howard
Hudson@smu.edu.sg	Hudson
Hugh@smu.edu.sg	Hugh
Hugo@smu.edu.sg	Hugo
Humberto@smu.edu.sg	Humberto
Hunter@smu.edu.sg	Hunter
Ian@smu.edu.sg	Ian
Ibrahim@smu.edu.sg	Ibrahim
Ignacio@smu.edu.sg	Ignacio
Immanuel@smu.edu.sg	Immanuel
Irvin@smu.edu.sg	Irvin
Irving@smu.edu.sg	Irving
Isaac@smu.edu.sg	Isaac
Isaak@smu.edu.sg	Isaak
Luc@smu.edu.sg	Luc
Luca@smu.edu.sg	Luca
Lucas@smu.edu.sg	Lucas
Luciano@smu.edu.sg	Luciano
Luis@smu.edu.sg	Luis
Lukas@smu.edu.sg	Lukas
Luke@smu.edu.sg	Luke
Malachi@smu.edu.sg	Malachi
Malakai@smu.edu.sg	Malakai
Malcolm@smu.edu.sg	Malcolm
Malik@smu.edu.sg	Malik
Manuel@smu.edu.sg	Manuel
Marc@smu.edu.sg	Marc
Marcel@smu.edu.sg	Marcel
Marcelo@smu.edu.sg	Marcelo
Marco@smu.edu.sg	Marco
Marcos@smu.edu.sg	Marcos
Marcus@smu.edu.sg	Marcus
JimmySoh@smu.edu.sg	JimmySoh
AliceAng@smu.edu.sg	AliceAng
JohnSim@smu.edu.sg	JohnSim
TangMeng@smu.edu.sg	TangMeng
Balakrishnan@smu.edu.sg	Balakrishnan
DamineMax@smu.edu.sg	DamineMax
MinhTang@smu.edu.sg	MinhTang
JesssicaHo@smu.edu.sg	JesssicaHo
FanWeiliang@smu.edu.sg	FanWeiliang
TimothyLam@smu.edu.sg	LamTimothy
AsherTan@smu.edu.sg	TanAsher
KennethYee@smu.edu.sg	YeeKenneth
AdityaMah@smu.edu.sg	MahAditya